dataset,algo,T,N,K,time_ms,time_std_ms,time_min_ms,time_max_ms,log_likelihood,iterations,bandwidth_GBs,occupancy_pct,gpu_mem_MB,device
scaling_T_100,forward,100,2,2,2.1255,0.2826,1.7670,2.9574,-287.069061,1,0.02,0.0,208.88,"Quadro RTX 6000"
scaling_T_100,backward,100,2,2,2.0646,0.2933,1.6258,2.8571,0.000000,1,0.02,0.0,208.88,"Quadro RTX 6000"
scaling_T_100,viterbi,100,2,2,1.9560,0.1428,1.6486,2.5310,-322.170441,1,0.03,0.0,208.88,"Quadro RTX 6000"
scaling_T_100,baum_welch_10,100,2,2,54.3738,1.5511,49.2730,62.2364,-267.905121,10,0.02,0.0,208.88,"Quadro RTX 6000"
scaling_T_100100,forward,100100,2,2,0.4685,0.0487,0.4381,0.6022,0.693147,1,105.97,0.0,212.88,"Quadro RTX 6000"
scaling_T_100100,backward,100100,2,2,0.4475,0.0068,0.4371,0.4709,0.000000,1,110.94,0.0,212.88,"Quadro RTX 6000"
scaling_T_100100,viterbi,100100,2,2,0.4467,0.0066,0.4370,0.4618,0.693147,1,112.03,0.0,212.88,"Quadro RTX 6000"
scaling_T_100100,baum_welch_10,100100,2,2,6.4668,0.5301,5.4801,9.5340,0.693147,10,160.98,0.0,212.88,"Quadro RTX 6000"
scaling_T_10100,forward,10100,2,2,3.3234,0.2426,3.0208,5.0283,-28722.757812,1,1.51,0.0,208.88,"Quadro RTX 6000"
scaling_T_10100,backward,10100,2,2,3.3186,0.1261,3.0801,3.8314,0.000000,1,1.51,0.0,208.88,"Quadro RTX 6000"
scaling_T_10100,viterbi,10100,2,2,3.2932,0.1046,3.0451,3.6715,-34069.039062,1,1.53,0.0,208.88,"Quadro RTX 6000"
scaling_T_10100,baum_welch_10,10100,2,2,81.7216,3.3777,74.9636,95.8628,-26207.285156,10,1.29,0.0,208.88,"Quadro RTX 6000"
scaling_T_1100,forward,1100,2,2,2.6694,0.2948,2.3777,4.7734,-3165.637695,1,0.20,0.0,208.88,"Quadro RTX 6000"
scaling_T_1100,backward,1100,2,2,2.6314,0.1326,2.3871,3.0965,0.000000,1,0.21,0.0,208.88,"Quadro RTX 6000"
scaling_T_1100,viterbi,1100,2,2,2.6302,0.1299,2.3363,3.1993,-3573.506348,1,0.21,0.0,208.88,"Quadro RTX 6000"
scaling_T_1100,baum_welch_10,1100,2,2,69.1762,2.1264,66.7281,76.8109,-2644.808838,10,0.17,0.0,208.88,"Quadro RTX 6000"
scaling_T_11100,forward,11100,2,2,3.2533,0.1120,2.9968,3.6761,-33109.097656,1,1.69,0.0,208.88,"Quadro RTX 6000"
scaling_T_11100,backward,11100,2,2,3.2405,0.1009,2.9640,3.4358,0.000000,1,1.70,0.0,208.88,"Quadro RTX 6000"
scaling_T_11100,viterbi,11100,2,2,3.2545,0.1034,2.9795,3.5289,-35723.386719,1,1.71,0.0,208.88,"Quadro RTX 6000"
scaling_T_11100,baum_welch_10,11100,2,2,82.4951,1.9458,76.4420,91.6551,-28639.453125,10,1.40,0.0,208.88,"Quadro RTX 6000"
scaling_T_12100,forward,12100,2,2,3.3275,0.1513,3.0575,4.1277,-34498.648438,1,1.80,0.0,208.88,"Quadro RTX 6000"
scaling_T_12100,backward,12100,2,2,3.3551,0.1461,2.9716,3.9173,0.000000,1,1.79,0.0,208.88,"Quadro RTX 6000"
scaling_T_12100,viterbi,12100,2,2,3.4259,0.3261,3.0842,5.1157,-38571.480469,1,1.77,0.0,208.88,"Quadro RTX 6000"
scaling_T_12100,baum_welch_10,12100,2,2,82.9037,1.7629,79.0097,91.7758,-30712.287109,10,1.52,0.0,208.88,"Quadro RTX 6000"
scaling_T_13100,forward,13100,2,2,3.3557,0.1207,3.0433,3.6308,-37115.324219,1,1.94,0.0,208.88,"Quadro RTX 6000"
scaling_T_13100,backward,13100,2,2,3.4598,0.2799,3.0212,4.7503,0.000000,1,1.88,0.0,208.88,"Quadro RTX 6000"
scaling_T_13100,viterbi,13100,2,2,3.3524,0.1144,3.0930,3.7315,-42331.144531,1,1.95,0.0,208.88,"Quadro RTX 6000"
scaling_T_13100,baum_welch_10,13100,2,2,83.5949,2.9119,80.7646,99.4018,-29988.207031,10,1.63,0.0,208.88,"Quadro RTX 6000"
scaling_T_14100,forward,14100,2,2,3.3372,0.2030,3.0515,4.2781,-40597.402344,1,2.10,0.0,208.88,"Quadro RTX 6000"
scaling_T_14100,backward,14100,2,2,3.5917,0.5011,3.1047,5.0155,0.000000,1,1.95,0.0,208.88,"Quadro RTX 6000"
scaling_T_14100,viterbi,14100,2,2,3.3418,0.1156,3.0962,3.9178,-46942.910156,1,2.11,0.0,208.88,"Quadro RTX 6000"
scaling_T_14100,baum_welch_10,14100,2,2,83.4885,1.9620,80.5560,95.5367,-39439.484375,10,1.76,0.0,208.88,"Quadro RTX 6000"
scaling_T_15100,forward,15100,2,2,3.6826,0.6047,3.0592,5.4470,-44077.777344,1,2.03,0.0,208.88,"Quadro RTX 6000"
scaling_T_15100,backward,15100,2,2,3.2181,0.1399,2.9843,3.9089,0.000000,1,2.33,0.0,208.88,"Quadro RTX 6000"
scaling_T_15100,viterbi,15100,2,2,3.2594,0.1403,2.9347,3.8349,-51342.929688,1,2.32,0.0,208.88,"Quadro RTX 6000"
scaling_T_15100,baum_welch_10,15100,2,2,81.9817,2.5896,78.7538,90.7358,-41924.425781,10,1.92,0.0,208.88,"Quadro RTX 6000"
scaling_T_16100,forward,16100,2,2,3.3378,0.1569,3.0855,4.0496,-49523.910156,1,2.39,0.0,208.88,"Quadro RTX 6000"
scaling_T_16100,backward,16100,2,2,3.3602,0.1467,3.0596,3.8891,0.000000,1,2.38,0.0,208.88,"Quadro RTX 6000"
scaling_T_16100,viterbi,16100,2,2,3.3041,0.1175,2.9491,3.5705,-54037.058594,1,2.44,0.0,208.88,"Quadro RTX 6000"
scaling_T_16100,baum_welch_10,16100,2,2,83.3069,4.5201,74.3737,104.5401,-41764.179688,10,2.01,0.0,208.88,"Quadro RTX 6000"
scaling_T_17100,forward,17100,2,2,3.6936,0.4321,3.2166,5.4381,-48826.437500,1,2.30,0.0,208.88,"Quadro RTX 6000"
scaling_T_17100,backward,17100,2,2,3.7289,0.5355,3.1252,5.9108,0.000000,1,2.27,0.0,208.88,"Quadro RTX 6000"
scaling_T_17100,viterbi,17100,2,2,3.5052,0.2336,3.1691,4.6921,-55520.277344,1,2.44,0.0,208.88,"Quadro RTX 6000"
scaling_T_17100,baum_welch_10,17100,2,2,86.1033,5.6404,78.7229,108.4170,-48523.988281,10,2.07,0.0,208.88,"Quadro RTX 6000"
scaling_T_18100,forward,18100,2,2,3.6250,0.4197,3.2098,5.5726,-52847.457031,1,2.48,0.0,208.88,"Quadro RTX 6000"
scaling_T_18100,backward,18100,2,2,3.5001,0.1426,3.0895,3.9637,0.000000,1,2.56,0.0,208.88,"Quadro RTX 6000"
scaling_T_18100,viterbi,18100,2,2,3.4599,0.1106,3.1541,3.7268,-63251.074219,1,2.62,0.0,208.88,"Quadro RTX 6000"
scaling_T_18100,baum_welch_10,18100,2,2,87.7626,4.0022,79.5546,99.3321,-51320.722656,10,2.14,0.0,208.88,"Quadro RTX 6000"
scaling_T_19100,forward,19100,2,2,4.1684,0.2319,3.8113,5.1489,-56829.917969,1,2.27,0.0,208.88,"Quadro RTX 6000"
scaling_T_19100,backward,19100,2,2,4.0916,0.1613,3.7911,4.6986,0.000000,1,2.32,0.0,208.88,"Quadro RTX 6000"
scaling_T_19100,viterbi,19100,2,2,4.1008,0.3483,3.4734,5.6519,-66015.125000,1,2.33,0.0,208.88,"Quadro RTX 6000"
scaling_T_19100,baum_welch_10,19100,2,2,94.1332,7.4288,85.0678,115.5669,-52746.937500,10,2.11,0.0,208.88,"Quadro RTX 6000"
scaling_T_20100,forward,20100,2,2,4.5092,0.2842,4.1144,5.9348,-58811.992188,1,2.21,0.0,208.88,"Quadro RTX 6000"
scaling_T_20100,backward,20100,2,2,4.4039,0.3080,3.9095,5.9978,0.000000,1,2.26,0.0,208.88,"Quadro RTX 6000"
scaling_T_20100,viterbi,20100,2,2,3.8054,0.4448,3.1876,5.9367,-65494.144531,1,2.64,0.0,208.88,"Quadro RTX 6000"
scaling_T_20100,baum_welch_10,20100,2,2,98.5618,6.6925,88.6556,118.3418,-56889.128906,10,2.12,0.0,208.88,"Quadro RTX 6000"
scaling_T_2100,forward,2100,2,2,2.8693,0.3452,2.4945,4.9450,-6218.330078,1,0.36,0.0,208.88,"Quadro RTX 6000"
scaling_T_2100,backward,2100,2,2,2.9044,0.2971,2.5211,4.3889,0.000000,1,0.36,0.0,208.88,"Quadro RTX 6000"
scaling_T_2100,viterbi,2100,2,2,2.8386,0.1918,2.5108,3.7591,-6892.496094,1,0.37,0.0,208.88,"Quadro RTX 6000"
scaling_T_2100,baum_welch_10,2100,2,2,74.6496,2.7095,69.5673,86.8188,-5949.953125,10,0.29,0.0,208.88,"Quadro RTX 6000"
scaling_T_21100,forward,21100,2,2,4.3772,0.3309,3.6399,6.2506,-61220.714844,1,2.39,0.0,208.88,"Quadro RTX 6000"
scaling_T_21100,backward,21100,2,2,4.2049,0.5203,3.2850,5.8143,0.000000,1,2.49,0.0,208.88,"Quadro RTX 6000"
scaling_T_21100,viterbi,21100,2,2,3.6267,0.4051,3.1481,5.2204,-68611.882812,1,2.91,0.0,208.88,"Quadro RTX 6000"
scaling_T_21100,baum_welch_10,21100,2,2,97.3704,6.8785,89.1264,116.4989,-51093.945312,10,2.25,0.0,208.88,"Quadro RTX 6000"
scaling_T_22100,forward,22100,2,2,4.0553,0.5713,3.2708,6.1339,-63653.988281,1,2.70,0.0,208.88,"Quadro RTX 6000"
scaling_T_22100,backward,22100,2,2,4.2780,0.2917,3.8096,5.7171,0.000000,1,2.56,0.0,208.88,"Quadro RTX 6000"
scaling_T_22100,viterbi,22100,2,2,4.1819,0.2801,3.7851,5.8450,-72424.367188,1,2.64,0.0,208.88,"Quadro RTX 6000"
scaling_T_22100,baum_welch_10,22100,2,2,100.0357,9.8956,89.6779,130.9614,-58421.566406,10,2.30,0.0,208.88,"Quadro RTX 6000"
scaling_T_23100,forward,23100,2,2,4.2879,0.5136,3.3422,6.6029,-67221.929688,1,2.67,0.0,208.88,"Quadro RTX 6000"
scaling_T_23100,backward,23100,2,2,3.7113,0.2687,3.1520,4.5404,0.000000,1,3.09,0.0,208.88,"Quadro RTX 6000"
scaling_T_23100,viterbi,23100,2,2,3.8406,0.5048,3.2852,6.0428,-73702.382812,1,3.01,0.0,208.88,"Quadro RTX 6000"
scaling_T_23100,baum_welch_10,23100,2,2,91.3954,8.7331,81.4756,109.0231,-46324.421875,10,2.63,0.0,208.88,"Quadro RTX 6000"
scaling_T_24100,forward,24100,2,2,3.9721,0.3712,3.2660,4.6944,-69761.093750,1,3.01,0.0,208.88,"Quadro RTX 6000"
scaling_T_24100,backward,24100,2,2,3.8201,0.5493,3.2912,6.7779,0.000000,1,3.13,0.0,208.88,"Quadro RTX 6000"
scaling_T_24100,viterbi,24100,2,2,3.3198,0.1323,3.0054,4.0448,-82698.921875,1,3.63,0.0,208.88,"Quadro RTX 6000"
scaling_T_24100,baum_welch_10,24100,2,2,108.1763,7.2954,90.7858,123.9598,-68370.007812,10,2.32,0.0,208.88,"Quadro RTX 6000"
scaling_T_25100,forward,25100,2,2,4.5037,0.4476,3.8197,6.5841,-73932.882812,1,2.76,0.0,208.88,"Quadro RTX 6000"
scaling_T_25100,backward,25100,2,2,4.5637,0.3323,3.9920,5.9412,0.000000,1,2.73,0.0,208.88,"Quadro RTX 6000"
scaling_T_25100,viterbi,25100,2,2,3.5637,0.1674,3.1356,4.1841,-84637.273438,1,3.52,0.0,208.88,"Quadro RTX 6000"
scaling_T_25100,baum_welch_10,25100,2,2,111.2544,7.0898,96.4782,129.6245,-66650.781250,10,2.35,0.0,208.88,"Quadro RTX 6000"
scaling_T_26100,forward,26100,2,2,4.6436,0.4245,3.9141,6.1870,-76280.812500,1,2.79,0.0,208.88,"Quadro RTX 6000"
scaling_T_26100,backward,26100,2,2,4.6517,0.5220,3.8544,6.3109,0.000000,1,2.78,0.0,208.88,"Quadro RTX 6000"
scaling_T_26100,viterbi,26100,2,2,4.3771,0.4959,3.5077,6.1839,-85675.273438,1,2.98,0.0,208.88,"Quadro RTX 6000"
scaling_T_26100,baum_welch_10,26100,2,2,112.2046,5.6407,97.4702,125.3955,-66299.023438,10,2.42,0.0,208.88,"Quadro RTX 6000"
scaling_T_27100,forward,27100,2,2,4.7594,0.3475,4.2574,5.9802,-79030.093750,1,2.82,0.0,208.88,"Quadro RTX 6000"
scaling_T_27100,backward,27100,2,2,4.7096,0.3488,4.2823,6.2934,0.000000,1,2.85,0.0,208.88,"Quadro RTX 6000"
scaling_T_27100,viterbi,27100,2,2,4.5345,0.2008,4.0589,5.1401,-90146.359375,1,2.99,0.0,208.88,"Quadro RTX 6000"
scaling_T_27100,baum_welch_10,27100,2,2,116.9252,4.6199,104.0500,127.9423,-72860.734375,10,2.41,0.0,208.88,"Quadro RTX 6000"
scaling_T_28100,forward,28100,2,2,4.6661,0.5229,3.9301,6.3058,-89868.382812,1,2.99,0.0,208.88,"Quadro RTX 6000"
scaling_T_28100,backward,28100,2,2,4.4917,0.4734,3.8310,5.9060,0.000000,1,3.10,0.0,208.88,"Quadro RTX 6000"
scaling_T_28100,viterbi,28100,2,2,4.4090,0.3817,3.8363,5.8434,-106382.554688,1,3.19,0.0,208.88,"Quadro RTX 6000"
scaling_T_28100,baum_welch_10,28100,2,2,118.5441,4.7880,107.1227,128.5955,-79644.046875,10,2.47,0.0,208.88,"Quadro RTX 6000"
scaling_T_29100,forward,29100,2,2,5.0599,0.7591,4.1703,7.3501,-83929.453125,1,2.85,0.0,208.88,"Quadro RTX 6000"
scaling_T_29100,backward,29100,2,2,5.0435,0.6577,4.3294,6.9964,0.000000,1,2.86,0.0,208.88,"Quadro RTX 6000"
scaling_T_29100,viterbi,29100,2,2,4.2406,0.6555,3.5464,7.1709,-100291.679688,1,3.43,0.0,208.88,"Quadro RTX 6000"
scaling_T_29100,baum_welch_10,29100,2,2,113.7248,5.4939,102.0295,130.1874,-82309.664062,10,2.66,0.0,208.88,"Quadro RTX 6000"
scaling_T_30100,forward,30100,2,2,4.9453,0.4278,4.2824,6.5700,-87106.664062,1,3.02,0.0,208.88,"Quadro RTX 6000"
scaling_T_30100,backward,30100,2,2,5.1765,0.6035,4.3824,6.7968,0.000000,1,2.88,0.0,208.88,"Quadro RTX 6000"
scaling_T_30100,viterbi,30100,2,2,4.9148,0.3618,4.3460,6.2991,-102241.289062,1,3.06,0.0,208.88,"Quadro RTX 6000"
scaling_T_30100,baum_welch_10,30100,2,2,116.1450,5.8208,103.1154,133.2751,-84785.968750,10,2.70,0.0,208.88,"Quadro RTX 6000"
scaling_T_3100,forward,3100,2,2,2.8713,0.2541,2.4781,4.3072,-9276.230469,1,0.54,0.0,208.88,"Quadro RTX 6000"
scaling_T_3100,backward,3100,2,2,2.8184,0.1321,2.5749,3.4717,0.000000,1,0.55,0.0,208.88,"Quadro RTX 6000"
scaling_T_3100,viterbi,3100,2,2,2.8063,0.1261,2.5797,3.5023,-10986.057617,1,0.55,0.0,208.88,"Quadro RTX 6000"
scaling_T_3100,baum_welch_10,3100,2,2,74.1986,1.8406,70.1539,79.4301,-6486.800293,10,0.43,0.0,208.88,"Quadro RTX 6000"
scaling_T_31100,forward,31100,2,2,5.0053,0.5095,4.4043,7.0044,-96123.054688,1,3.08,0.0,208.88,"Quadro RTX 6000"
scaling_T_31100,backward,31100,2,2,5.0424,0.4491,4.4389,6.4881,0.000000,1,3.06,0.0,208.88,"Quadro RTX 6000"
scaling_T_31100,viterbi,31100,2,2,5.1927,0.6265,4.3303,6.8332,-109137.218750,1,2.99,0.0,208.88,"Quadro RTX 6000"
scaling_T_31100,baum_welch_10,31100,2,2,115.0994,6.0550,105.3050,135.4729,-70436.398438,10,2.81,0.0,208.88,"Quadro RTX 6000"
scaling_T_32100,forward,32100,2,2,5.0574,0.6834,4.2537,7.2398,-93497.921875,1,3.15,0.0,208.88,"Quadro RTX 6000"
scaling_T_32100,backward,32100,2,2,4.8786,0.4335,4.0508,6.8192,0.000000,1,3.26,0.0,208.88,"Quadro RTX 6000"
scaling_T_32100,viterbi,32100,2,2,4.8961,0.3791,4.2274,6.6810,-102278.523438,1,3.28,0.0,208.88,"Quadro RTX 6000"
scaling_T_32100,baum_welch_10,32100,2,2,116.2649,5.0538,104.0769,131.2145,-76322.953125,10,2.87,0.0,208.88,"Quadro RTX 6000"
scaling_T_33100,forward,33100,2,2,5.1658,0.3977,4.6508,6.6744,-97465.851562,1,3.18,0.0,208.88,"Quadro RTX 6000"
scaling_T_33100,backward,33100,2,2,5.2618,0.4983,4.6272,6.8867,0.000000,1,3.12,0.0,208.88,"Quadro RTX 6000"
scaling_T_33100,viterbi,33100,2,2,5.1792,0.3583,4.7209,6.7869,-113196.000000,1,3.20,0.0,208.88,"Quadro RTX 6000"
scaling_T_33100,baum_welch_10,33100,2,2,122.1734,5.5330,111.7667,136.6942,-92406.929688,10,2.82,0.0,208.88,"Quadro RTX 6000"
scaling_T_34100,forward,34100,2,2,5.1419,0.3403,4.6191,6.9015,-101492.125000,1,3.29,0.0,208.88,"Quadro RTX 6000"
scaling_T_34100,backward,34100,2,2,5.3895,0.6523,4.5425,7.8574,0.000000,1,3.14,0.0,208.88,"Quadro RTX 6000"
scaling_T_34100,viterbi,34100,2,2,4.6351,0.3066,4.0036,5.7488,-122065.507812,1,3.68,0.0,208.88,"Quadro RTX 6000"
scaling_T_34100,baum_welch_10,34100,2,2,36.2688,2.8378,32.1597,43.1849,-96274.578125,10,9.78,0.0,208.88,"Quadro RTX 6000"
scaling_T_35100,forward,35100,2,2,5.0815,0.5189,4.4134,7.0558,-103319.500000,1,3.43,0.0,208.88,"Quadro RTX 6000"
scaling_T_35100,backward,35100,2,2,5.5716,0.7974,4.3745,7.4225,0.000000,1,3.12,0.0,208.88,"Quadro RTX 6000"
scaling_T_35100,viterbi,35100,2,2,5.3501,0.6615,4.4910,7.2320,-118983.242188,1,3.28,0.0,208.88,"Quadro RTX 6000"
scaling_T_35100,baum_welch_10,35100,2,2,121.6712,6.1038,109.1973,140.3085,-99377.468750,10,3.00,0.0,208.88,"Quadro RTX 6000"
scaling_T_36100,forward,36100,2,2,5.3460,0.5185,4.6880,6.9837,-105434.820312,1,3.35,0.0,208.88,"Quadro RTX 6000"
scaling_T_36100,backward,36100,2,2,5.1215,0.4907,4.3930,6.9778,0.000000,1,3.50,0.0,208.88,"Quadro RTX 6000"
scaling_T_36100,viterbi,36100,2,2,5.2246,0.6296,4.4407,7.2355,-120970.984375,1,3.45,0.0,208.88,"Quadro RTX 6000"
scaling_T_36100,baum_welch_10,36100,2,2,123.3171,4.6599,114.2047,136.8392,-102445.070312,10,3.04,0.0,208.88,"Quadro RTX 6000"
scaling_T_37100,forward,37100,2,2,5.7435,0.6832,4.7962,7.3083,-108468.007812,1,3.20,0.0,208.88,"Quadro RTX 6000"
scaling_T_37100,backward,37100,2,2,5.5631,0.6659,4.7205,7.1517,0.000000,1,3.31,0.0,208.88,"Quadro RTX 6000"
scaling_T_37100,viterbi,37100,2,2,5.1049,0.3305,4.6411,6.9668,-124245.554688,1,3.63,0.0,208.88,"Quadro RTX 6000"
scaling_T_37100,baum_welch_10,37100,2,2,123.6676,4.7816,116.6693,137.6777,-105053.625000,10,3.12,0.0,208.88,"Quadro RTX 6000"
scaling_T_38100,forward,38100,2,2,5.1952,0.3595,4.7037,7.0445,-112450.000000,1,3.64,0.0,208.88,"Quadro RTX 6000"
scaling_T_38100,backward,38100,2,2,5.5098,0.6423,4.6250,7.1938,0.000000,1,3.43,0.0,208.88,"Quadro RTX 6000"
scaling_T_38100,viterbi,38100,2,2,5.0620,0.2050,4.6522,5.9761,-126659.929688,1,3.76,0.0,208.88,"Quadro RTX 6000"
scaling_T_38100,baum_welch_10,38100,2,2,128.7699,7.0029,113.8441,146.5504,-108117.429688,10,3.08,0.0,208.88,"Quadro RTX 6000"
scaling_T_39100,forward,39100,2,2,5.4088,0.5266,4.5836,7.2192,-114780.382812,1,3.59,0.0,208.88,"Quadro RTX 6000"
scaling_T_39100,backward,39100,2,2,5.9944,0.6929,4.7408,7.5325,0.000000,1,3.24,0.0,208.88,"Quadro RTX 6000"
scaling_T_39100,viterbi,39100,2,2,5.2014,0.6490,4.5158,7.3094,-132581.078125,1,3.76,0.0,208.88,"Quadro RTX 6000"
scaling_T_39100,baum_welch_10,39100,2,2,131.2204,5.7825,119.4199,146.5691,-110833.687500,10,3.10,0.0,208.88,"Quadro RTX 6000"
scaling_T_40100,forward,40100,2,2,5.3615,0.5259,4.6699,7.0489,-116566.976562,1,3.71,0.0,208.88,"Quadro RTX 6000"
scaling_T_40100,backward,40100,2,2,5.8231,0.7679,4.6601,7.6452,0.000000,1,3.42,0.0,208.88,"Quadro RTX 6000"
scaling_T_40100,viterbi,40100,2,2,5.5810,0.7503,4.5832,7.4752,-129875.250000,1,3.59,0.0,208.88,"Quadro RTX 6000"
scaling_T_40100,baum_welch_10,40100,2,2,130.1468,7.9387,116.7092,151.5897,-88988.125000,10,3.20,0.0,208.88,"Quadro RTX 6000"
scaling_T_4100,forward,4100,2,2,3.1667,0.1225,2.9112,3.8429,-11739.089844,1,0.64,0.0,208.88,"Quadro RTX 6000"
scaling_T_4100,backward,4100,2,2,3.1429,0.1311,2.8960,3.4793,0.000000,1,0.65,0.0,208.88,"Quadro RTX 6000"
scaling_T_4100,viterbi,4100,2,2,3.5931,0.3603,3.0436,5.3092,-13407.017578,1,0.57,0.0,208.88,"Quadro RTX 6000"
scaling_T_4100,baum_welch_10,4100,2,2,78.2673,4.5766,70.4763,99.5653,-10764.160156,10,0.54,0.0,208.88,"Quadro RTX 6000"
scaling_T_41100,forward,41100,2,2,5.6085,0.7168,4.5527,7.1376,-117649.351562,1,3.63,0.0,208.88,"Quadro RTX 6000"
scaling_T_41100,backward,41100,2,2,5.8070,0.7181,4.7657,7.5063,0.000000,1,3.51,0.0,208.88,"Quadro RTX 6000"
scaling_T_41100,viterbi,41100,2,2,5.2445,0.4250,4.6471,7.0471,-136318.171875,1,3.92,0.0,208.88,"Quadro RTX 6000"
scaling_T_41100,baum_welch_10,41100,2,2,133.3503,8.8178,115.7290,157.7206,-114468.953125,10,3.21,0.0,208.88,"Quadro RTX 6000"
scaling_T_42100,forward,42100,2,2,5.3389,0.4762,4.7697,6.7889,-139828.296875,1,3.91,0.0,208.88,"Quadro RTX 6000"
scaling_T_42100,backward,42100,2,2,5.7321,0.7285,4.6830,7.6943,0.000000,1,3.64,0.0,208.88,"Quadro RTX 6000"
scaling_T_42100,viterbi,42100,2,2,5.4662,0.6033,4.7206,6.9672,-157238.828125,1,3.85,0.0,208.88,"Quadro RTX 6000"
scaling_T_42100,baum_welch_10,42100,2,2,131.8177,7.7022,119.7509,153.8007,-116368.632812,10,3.32,0.0,208.88,"Quadro RTX 6000"
scaling_T_43100,forward,43100,2,2,5.8144,0.7617,4.7898,7.7948,-124873.039062,1,3.68,0.0,208.88,"Quadro RTX 6000"
scaling_T_43100,backward,43100,2,2,5.8162,0.7984,4.7020,7.5203,0.000000,1,3.68,0.0,208.88,"Quadro RTX 6000"
scaling_T_43100,viterbi,43100,2,2,5.5014,0.6568,4.6300,7.5570,-149974.078125,1,3.92,0.0,208.88,"Quadro RTX 6000"
scaling_T_43100,baum_welch_10,43100,2,2,132.4397,9.3736,117.7761,160.9273,-122310.757812,10,3.38,0.0,208.88,"Quadro RTX 6000"
scaling_T_44100,forward,44100,2,2,6.0090,0.7600,4.8362,7.5265,-133181.515625,1,3.64,0.0,208.88,"Quadro RTX 6000"
scaling_T_44100,backward,44100,2,2,6.2404,0.6876,4.9391,7.9155,0.000000,1,3.51,0.0,208.88,"Quadro RTX 6000"
scaling_T_44100,viterbi,44100,2,2,5.4545,0.6045,4.7568,7.6855,-146287.093750,1,4.04,0.0,208.88,"Quadro RTX 6000"
scaling_T_44100,baum_welch_10,44100,2,2,137.0445,10.5377,122.1257,163.3770,-125121.109375,10,3.35,0.0,208.88,"Quadro RTX 6000"
scaling_T_45100,forward,45100,2,2,5.7206,0.7909,4.7022,7.8909,-139466.531250,1,3.91,0.0,208.88,"Quadro RTX 6000"
scaling_T_45100,backward,45100,2,2,5.4872,0.6574,4.7678,7.5551,0.000000,1,4.08,0.0,208.88,"Quadro RTX 6000"
scaling_T_45100,viterbi,45100,2,2,5.6822,0.7178,4.7971,7.5225,-158895.375000,1,3.97,0.0,208.88,"Quadro RTX 6000"
scaling_T_45100,baum_welch_10,45100,2,2,135.8554,8.5157,120.0185,159.8261,-127057.890625,10,3.45,0.0,208.88,"Quadro RTX 6000"
scaling_T_46100,forward,46100,2,2,5.5924,0.7374,4.7679,7.9253,-132055.531250,1,4.09,0.0,208.88,"Quadro RTX 6000"
scaling_T_46100,backward,46100,2,2,5.6091,0.7762,4.7635,8.1773,0.000000,1,4.08,0.0,208.88,"Quadro RTX 6000"
scaling_T_46100,viterbi,46100,2,2,5.5571,0.7387,4.6311,7.4920,-150564.218750,1,4.15,0.0,208.88,"Quadro RTX 6000"
scaling_T_46100,baum_welch_10,46100,2,2,135.8779,8.9245,119.8891,165.4718,-114803.039062,10,3.53,0.0,208.88,"Quadro RTX 6000"
scaling_T_47100,forward,47100,2,2,5.4258,0.4568,4.8358,6.9923,-134283.937500,1,4.31,0.0,208.88,"Quadro RTX 6000"
scaling_T_47100,backward,47100,2,2,5.6800,0.7029,4.8415,7.9358,0.000000,1,4.11,0.0,208.88,"Quadro RTX 6000"
scaling_T_47100,viterbi,47100,2,2,5.6957,0.7398,4.7073,7.8790,-158130.156250,1,4.13,0.0,208.88,"Quadro RTX 6000"
scaling_T_47100,baum_welch_10,47100,2,2,138.3399,8.3877,123.2794,161.7811,-89010.593750,10,3.54,0.0,208.88,"Quadro RTX 6000"
scaling_T_48100,forward,48100,2,2,5.7643,0.7067,4.8168,7.7558,-138493.828125,1,4.14,0.0,208.88,"Quadro RTX 6000"
scaling_T_48100,backward,48100,2,2,5.6816,0.6477,4.7923,7.6329,0.000000,1,4.20,0.0,208.88,"Quadro RTX 6000"
scaling_T_48100,viterbi,48100,2,2,5.5393,0.6434,4.6833,7.7207,-160602.375000,1,4.34,0.0,208.88,"Quadro RTX 6000"
scaling_T_48100,baum_welch_10,48100,2,2,142.5000,7.6915,126.2126,161.1656,-108479.265625,10,3.51,0.0,208.88,"Quadro RTX 6000"
scaling_T_49100,forward,49100,2,2,6.4357,0.4177,5.2675,7.2540,-139388.750000,1,3.78,0.0,208.88,"Quadro RTX 6000"
scaling_T_49100,backward,49100,2,2,6.0757,0.4788,5.2104,7.3816,0.000000,1,4.01,0.0,208.88,"Quadro RTX 6000"
scaling_T_49100,viterbi,49100,2,2,5.4060,0.5337,4.6572,7.0939,-163078.734375,1,4.54,0.0,208.88,"Quadro RTX 6000"
scaling_T_49100,baum_welch_10,49100,2,2,144.3571,7.1959,126.5503,158.9556,-139232.171875,10,3.54,0.0,208.88,"Quadro RTX 6000"
scaling_T_50100,forward,50100,2,2,6.2305,0.5846,5.4108,7.9831,-154026.984375,1,3.99,0.0,208.88,"Quadro RTX 6000"
scaling_T_50100,backward,50100,2,2,6.1149,0.5146,5.1455,8.0959,0.000000,1,4.06,0.0,208.88,"Quadro RTX 6000"
scaling_T_50100,viterbi,50100,2,2,5.4813,0.7492,4.4636,7.6470,-175021.484375,1,4.57,0.0,208.88,"Quadro RTX 6000"
scaling_T_50100,baum_welch_10,50100,2,2,144.4928,6.9488,129.3118,162.8202,-139817.453125,10,3.61,0.0,208.88,"Quadro RTX 6000"
scaling_T_5100,forward,5100,2,2,3.1732,0.1096,2.8495,3.4529,-14782.452148,1,0.80,0.0,208.88,"Quadro RTX 6000"
scaling_T_5100,backward,5100,2,2,3.1636,0.1243,2.8836,3.6534,0.000000,1,0.80,0.0,208.88,"Quadro RTX 6000"
scaling_T_5100,viterbi,5100,2,2,3.0890,0.1238,2.7090,3.4162,-16381.357422,1,0.83,0.0,208.88,"Quadro RTX 6000"
scaling_T_5100,baum_welch_10,5100,2,2,78.7298,3.2462,73.2775,95.3078,-14462.481445,10,0.67,0.0,208.88,"Quadro RTX 6000"
scaling_T_51100,forward,51100,2,2,5.9922,0.7119,4.7848,7.8378,-154743.250000,1,4.23,0.0,208.88,"Quadro RTX 6000"
scaling_T_51100,backward,51100,2,2,6.4065,0.4965,5.3737,7.9582,0.000000,1,3.96,0.0,208.88,"Quadro RTX 6000"
scaling_T_51100,viterbi,51100,2,2,5.7132,0.6872,4.7940,7.1700,-181985.343750,1,4.47,0.0,208.88,"Quadro RTX 6000"
scaling_T_51100,baum_welch_10,51100,2,2,145.0195,6.2751,129.6732,157.9681,-144299.078125,10,3.66,0.0,208.88,"Quadro RTX 6000"
scaling_T_52100,forward,52100,2,2,6.1466,0.5500,5.2716,7.5326,-148302.390625,1,4.20,0.0,208.88,"Quadro RTX 6000"
scaling_T_52100,backward,52100,2,2,6.2914,0.6113,5.2200,8.0550,0.000000,1,4.11,0.0,208.88,"Quadro RTX 6000"
scaling_T_52100,viterbi,52100,2,2,5.5163,0.7214,4.6296,7.4035,-172535.890625,1,4.72,0.0,208.88,"Quadro RTX 6000"
scaling_T_52100,baum_welch_10,52100,2,2,146.3266,6.2763,130.4260,160.7024,-147275.765625,10,3.70,0.0,208.88,"Quadro RTX 6000"
scaling_T_53100,forward,53100,2,2,6.4536,0.3935,5.6113,7.5940,-163146.640625,1,4.08,0.0,210.88,"Quadro RTX 6000"
scaling_T_53100,backward,53100,2,2,6.4172,0.3857,5.6912,7.5612,0.000000,1,4.10,0.0,210.88,"Quadro RTX 6000"
scaling_T_53100,viterbi,53100,2,2,5.7497,0.6808,4.8779,7.3972,-182791.937500,1,4.62,0.0,210.88,"Quadro RTX 6000"
scaling_T_53100,baum_welch_10,53100,2,2,150.0931,6.8099,132.1191,165.8678,-129519.351562,10,3.68,0.0,210.88,"Quadro RTX 6000"
scaling_T_54100,forward,54100,2,2,6.3867,0.4137,5.6812,7.6645,-171616.750000,1,4.20,0.0,210.88,"Quadro RTX 6000"
scaling_T_54100,backward,54100,2,2,6.5713,0.4593,5.5542,7.7850,0.000000,1,4.08,0.0,210.88,"Quadro RTX 6000"
scaling_T_54100,viterbi,54100,2,2,5.8694,0.6014,4.7743,7.0974,-187692.703125,1,4.61,0.0,210.88,"Quadro RTX 6000"
scaling_T_54100,baum_welch_10,54100,2,2,148.6267,6.8327,128.8632,163.4963,-143611.359375,10,3.79,0.0,210.88,"Quadro RTX 6000"
scaling_T_55100,forward,55100,2,2,6.4910,0.3835,5.8440,7.5136,-165485.171875,1,4.21,0.0,210.88,"Quadro RTX 6000"
scaling_T_55100,backward,55100,2,2,6.6738,0.4484,5.7980,7.7005,0.000000,1,4.10,0.0,210.88,"Quadro RTX 6000"
scaling_T_55100,viterbi,55100,2,2,6.0341,0.6630,4.8497,7.5121,-181703.812500,1,4.57,0.0,210.88,"Quadro RTX 6000"
scaling_T_55100,baum_welch_10,55100,2,2,145.5345,7.3639,126.2683,164.8967,-156356.515625,10,3.94,0.0,210.88,"Quadro RTX 6000"
scaling_T_56100,forward,56100,2,2,5.9387,0.5737,5.0382,8.0525,-169724.015625,1,4.69,0.0,210.88,"Quadro RTX 6000"
scaling_T_56100,backward,56100,2,2,6.1061,0.6010,5.1709,7.6804,0.000000,1,4.56,0.0,210.88,"Quadro RTX 6000"
scaling_T_56100,viterbi,56100,2,2,5.2990,0.5579,4.6820,7.6740,-183853.875000,1,5.29,0.0,210.88,"Quadro RTX 6000"
scaling_T_56100,baum_welch_10,56100,2,2,149.6383,6.6227,131.8556,162.9181,-158255.187500,10,3.90,0.0,210.88,"Quadro RTX 6000"
scaling_T_57100,forward,57100,2,2,6.4511,0.6072,5.5494,8.0609,-164073.296875,1,4.39,0.0,210.88,"Quadro RTX 6000"
scaling_T_57100,backward,57100,2,2,6.3275,0.5326,5.4448,7.7749,0.000000,1,4.48,0.0,210.88,"Quadro RTX 6000"
scaling_T_57100,viterbi,57100,2,2,5.7200,0.6587,4.9176,7.5108,-193358.765625,1,4.99,0.0,210.88,"Quadro RTX 6000"
scaling_T_57100,baum_welch_10,57100,2,2,152.2788,5.6837,139.2474,169.4845,-161481.562500,10,3.90,0.0,210.88,"Quadro RTX 6000"
scaling_T_58100,forward,58100,2,2,6.5782,0.5247,5.6259,8.0516,-181776.593750,1,4.38,0.0,210.88,"Quadro RTX 6000"
scaling_T_58100,backward,58100,2,2,6.5907,0.4384,5.8572,7.7682,0.000000,1,4.37,0.0,210.88,"Quadro RTX 6000"
scaling_T_58100,viterbi,58100,2,2,5.9809,0.7011,4.8742,7.6797,-208676.156250,1,4.86,0.0,210.88,"Quadro RTX 6000"
scaling_T_58100,baum_welch_10,58100,2,2,153.6112,5.2715,139.7289,168.9152,-164764.656250,10,3.93,0.0,210.88,"Quadro RTX 6000"
scaling_T_59100,forward,59100,2,2,6.3464,0.6028,5.4655,8.5776,-177071.453125,1,4.62,0.0,210.88,"Quadro RTX 6000"
scaling_T_59100,backward,59100,2,2,6.5552,0.5150,5.8144,8.3193,0.000000,1,4.47,0.0,210.88,"Quadro RTX 6000"
scaling_T_59100,viterbi,59100,2,2,6.1866,0.5710,5.1679,7.4772,-194101.281250,1,4.78,0.0,210.88,"Quadro RTX 6000"
scaling_T_59100,baum_welch_10,59100,2,2,157.1899,10.2170,138.6766,178.9092,-140668.359375,10,3.91,0.0,210.88,"Quadro RTX 6000"
scaling_T_60100,forward,60100,2,2,6.6355,0.4586,5.8396,7.8951,-183887.140625,1,4.49,0.0,210.88,"Quadro RTX 6000"
scaling_T_60100,backward,60100,2,2,6.4385,0.4612,5.8621,7.7332,0.000000,1,4.63,0.0,210.88,"Quadro RTX 6000"
scaling_T_60100,viterbi,60100,2,2,6.3376,0.4314,5.2040,7.3046,-212404.093750,1,4.74,0.0,210.88,"Quadro RTX 6000"
scaling_T_60100,baum_welch_10,60100,2,2,154.1039,5.2317,144.6523,174.2875,-148376.250000,10,4.06,0.0,210.88,"Quadro RTX 6000"
scaling_T_6100,forward,6100,2,2,3.0231,0.1239,2.7195,3.3437,-18238.404297,1,1.00,0.0,208.88,"Quadro RTX 6000"
scaling_T_6100,backward,6100,2,2,3.0321,0.1163,2.7299,3.6394,0.000000,1,1.00,0.0,208.88,"Quadro RTX 6000"
scaling_T_6100,viterbi,6100,2,2,3.0266,0.1154,2.6457,3.2693,-20042.037109,1,1.01,0.0,208.88,"Quadro RTX 6000"
scaling_T_6100,baum_welch_10,6100,2,2,77.4131,1.9989,74.9302,86.4100,-17251.101562,10,0.82,0.0,208.88,"Quadro RTX 6000"
scaling_T_61100,forward,61100,2,2,6.6983,0.5063,5.8429,7.9614,-187785.093750,1,4.52,0.0,210.88,"Quadro RTX 6000"
scaling_T_61100,backward,61100,2,2,6.6859,0.5636,5.8518,7.9508,0.000000,1,4.53,0.0,210.88,"Quadro RTX 6000"
scaling_T_61100,viterbi,61100,2,2,6.2907,0.4802,5.3906,7.7619,-210225.015625,1,4.86,0.0,210.88,"Quadro RTX 6000"
scaling_T_61100,baum_welch_10,61100,2,2,156.4528,8.0831,139.8971,177.1296,-173273.765625,10,4.06,0.0,210.88,"Quadro RTX 6000"
scaling_T_62100,forward,62100,2,2,6.5168,0.4287,5.8865,7.7830,-184466.437500,1,4.73,0.0,210.88,"Quadro RTX 6000"
scaling_T_62100,backward,62100,2,2,6.6478,0.5523,5.7876,8.0235,0.000000,1,4.63,0.0,210.88,"Quadro RTX 6000"
scaling_T_62100,viterbi,62100,2,2,6.3434,0.4633,5.5317,7.8320,-205546.500000,1,4.89,0.0,210.88,"Quadro RTX 6000"
scaling_T_62100,baum_welch_10,62100,2,2,154.4511,5.7307,141.1133,173.5721,-160147.015625,10,4.18,0.0,210.88,"Quadro RTX 6000"
scaling_T_63100,forward,63100,2,2,6.3886,0.4444,5.6667,7.9667,-185343.390625,1,4.90,0.0,210.88,"Quadro RTX 6000"
scaling_T_63100,backward,63100,2,2,6.4898,0.5330,5.7898,8.2982,0.000000,1,4.82,0.0,210.88,"Quadro RTX 6000"
scaling_T_63100,viterbi,63100,2,2,6.0791,0.5772,5.1726,7.4014,-206065.484375,1,5.19,0.0,210.88,"Quadro RTX 6000"
scaling_T_63100,baum_welch_10,63100,2,2,155.8348,6.2336,143.1669,171.3356,-178261.750000,10,4.21,0.0,210.88,"Quadro RTX 6000"
scaling_T_64100,forward,64100,2,2,6.6557,0.5422,5.7115,8.0718,-186157.343750,1,4.78,0.0,210.88,"Quadro RTX 6000"
scaling_T_64100,backward,64100,2,2,6.8382,0.5998,5.8359,8.4951,0.000000,1,4.65,0.0,210.88,"Quadro RTX 6000"
scaling_T_64100,viterbi,64100,2,2,6.5273,0.3969,5.8669,7.5839,-214592.421875,1,4.91,0.0,210.88,"Quadro RTX 6000"
scaling_T_64100,baum_welch_10,64100,2,2,141.1087,6.5967,130.4092,156.4733,-181853.375000,10,4.72,0.0,210.88,"Quadro RTX 6000"
scaling_T_65100,forward,65100,2,2,7.1305,0.6753,5.9131,8.5668,-192862.859375,1,4.53,0.0,210.88,"Quadro RTX 6000"
scaling_T_65100,backward,65100,2,2,6.9216,0.5614,5.7836,8.0388,0.000000,1,4.67,0.0,210.88,"Quadro RTX 6000"
scaling_T_65100,viterbi,65100,2,2,6.6312,0.5506,5.6893,8.1975,-222574.468750,1,4.91,0.0,210.88,"Quadro RTX 6000"
scaling_T_65100,baum_welch_10,65100,2,2,156.9358,7.4983,144.5927,177.4365,-177023.703125,10,4.31,0.0,210.88,"Quadro RTX 6000"
scaling_T_66100,forward,66100,2,2,0.4792,0.0915,0.4347,0.8698,0.693147,1,68.41,0.0,210.88,"Quadro RTX 6000"
scaling_T_66100,backward,66100,2,2,0.4400,0.0041,0.4342,0.4564,0.000000,1,74.52,0.0,210.88,"Quadro RTX 6000"
scaling_T_66100,viterbi,66100,2,2,0.4422,0.0048,0.4358,0.4708,0.693147,1,74.74,0.0,210.88,"Quadro RTX 6000"
scaling_T_66100,baum_welch_10,66100,2,2,5.8076,0.5914,5.0220,8.2351,0.693147,10,118.37,0.0,210.88,"Quadro RTX 6000"
scaling_T_67100,forward,67100,2,2,0.4454,0.0090,0.4343,0.4934,0.693147,1,74.73,0.0,210.88,"Quadro RTX 6000"
scaling_T_67100,backward,67100,2,2,0.4428,0.0043,0.4363,0.4628,0.000000,1,75.16,0.0,210.88,"Quadro RTX 6000"
scaling_T_67100,viterbi,67100,2,2,0.4462,0.0066,0.4346,0.4670,0.693147,1,75.19,0.0,210.88,"Quadro RTX 6000"
scaling_T_67100,baum_welch_10,67100,2,2,5.5839,0.3631,5.1012,7.4896,0.693147,10,124.97,0.0,210.88,"Quadro RTX 6000"
scaling_T_68100,forward,68100,2,2,0.4443,0.0075,0.4345,0.4671,0.693147,1,76.02,0.0,210.88,"Quadro RTX 6000"
scaling_T_68100,backward,68100,2,2,0.4428,0.0051,0.4363,0.4687,0.000000,1,76.29,0.0,210.88,"Quadro RTX 6000"
scaling_T_68100,viterbi,68100,2,2,0.4434,0.0038,0.4363,0.4510,0.693147,1,76.79,0.0,210.88,"Quadro RTX 6000"
scaling_T_68100,baum_welch_10,68100,2,2,5.7389,0.4742,5.1495,7.6402,0.693147,10,123.41,0.0,210.88,"Quadro RTX 6000"
scaling_T_69100,forward,69100,2,2,0.4442,0.0078,0.4342,0.4663,0.693147,1,77.16,0.0,210.88,"Quadro RTX 6000"
scaling_T_69100,backward,69100,2,2,0.4416,0.0042,0.4357,0.4557,0.000000,1,77.61,0.0,210.88,"Quadro RTX 6000"
scaling_T_69100,viterbi,69100,2,2,0.4426,0.0050,0.4362,0.4660,0.693147,1,78.06,0.0,210.88,"Quadro RTX 6000"
scaling_T_69100,baum_welch_10,69100,2,2,5.6784,0.4783,5.1060,8.1066,0.693147,10,126.56,0.0,210.88,"Quadro RTX 6000"
scaling_T_70100,forward,70100,2,2,0.4452,0.0081,0.4331,0.4722,0.693147,1,78.10,0.0,210.88,"Quadro RTX 6000"
scaling_T_70100,backward,70100,2,2,0.4431,0.0044,0.4359,0.4649,0.000000,1,78.46,0.0,210.88,"Quadro RTX 6000"
scaling_T_70100,viterbi,70100,2,2,0.4428,0.0039,0.4364,0.4591,0.693147,1,79.16,0.0,210.88,"Quadro RTX 6000"
scaling_T_70100,baum_welch_10,70100,2,2,5.7789,0.4969,5.0896,7.9548,0.693147,10,126.16,0.0,210.88,"Quadro RTX 6000"
scaling_T_7100,forward,7100,2,2,3.2276,0.2826,2.8155,4.4974,-20967.263672,1,1.09,0.0,208.88,"Quadro RTX 6000"
scaling_T_7100,backward,7100,2,2,3.1486,0.1002,2.8419,3.4155,0.000000,1,1.12,0.0,208.88,"Quadro RTX 6000"
scaling_T_7100,viterbi,7100,2,2,3.1985,0.3040,2.8561,4.5238,-22785.898438,1,1.11,0.0,208.88,"Quadro RTX 6000"
scaling_T_7100,baum_welch_10,7100,2,2,78.8984,1.9600,75.0685,87.4658,-18425.527344,10,0.94,0.0,208.88,"Quadro RTX 6000"
scaling_T_71100,forward,71100,2,2,0.4869,0.1273,0.4382,0.9509,0.693147,1,72.42,0.0,210.88,"Quadro RTX 6000"
scaling_T_71100,backward,71100,2,2,0.4452,0.0056,0.4367,0.4598,0.000000,1,79.20,0.0,210.88,"Quadro RTX 6000"
scaling_T_71100,viterbi,71100,2,2,0.4432,0.0044,0.4368,0.4612,0.693147,1,80.21,0.0,210.88,"Quadro RTX 6000"
scaling_T_71100,baum_welch_10,71100,2,2,5.9711,0.4733,5.1482,7.8868,0.693147,10,123.84,0.0,210.88,"Quadro RTX 6000"
scaling_T_72100,forward,72100,2,2,0.4685,0.0789,0.4381,0.7639,0.693147,1,76.33,0.0,210.88,"Quadro RTX 6000"
scaling_T_72100,backward,72100,2,2,0.4454,0.0041,0.4383,0.4635,0.000000,1,80.29,0.0,210.88,"Quadro RTX 6000"
scaling_T_72100,viterbi,72100,2,2,0.4433,0.0044,0.4362,0.4549,0.693147,1,81.32,0.0,210.88,"Quadro RTX 6000"
scaling_T_72100,baum_welch_10,72100,2,2,5.8987,0.5486,5.1755,8.2765,0.693147,10,127.12,0.0,210.88,"Quadro RTX 6000"
scaling_T_73100,forward,73100,2,2,0.4467,0.0066,0.4381,0.4660,0.693147,1,81.16,0.0,210.88,"Quadro RTX 6000"
scaling_T_73100,backward,73100,2,2,0.4429,0.0056,0.4364,0.4721,0.000000,1,81.86,0.0,210.88,"Quadro RTX 6000"
scaling_T_73100,viterbi,73100,2,2,0.4430,0.0038,0.4365,0.4547,0.693147,1,82.50,0.0,210.88,"Quadro RTX 6000"
scaling_T_73100,baum_welch_10,73100,2,2,5.9633,0.6320,5.0995,8.6508,0.693147,10,127.49,0.0,210.88,"Quadro RTX 6000"
scaling_T_74100,forward,74100,2,2,0.4538,0.0234,0.4370,0.5244,0.693147,1,80.99,0.0,210.88,"Quadro RTX 6000"
scaling_T_74100,backward,74100,2,2,0.4437,0.0042,0.4362,0.4573,0.000000,1,82.84,0.0,210.88,"Quadro RTX 6000"
scaling_T_74100,viterbi,74100,2,2,0.4433,0.0042,0.4364,0.4680,0.693147,1,83.58,0.0,210.88,"Quadro RTX 6000"
scaling_T_74100,baum_welch_10,74100,2,2,6.0075,0.5940,4.9902,8.0302,0.693147,10,128.28,0.0,210.88,"Quadro RTX 6000"
scaling_T_75100,forward,75100,2,2,0.4508,0.0070,0.4367,0.4723,0.693147,1,82.62,0.0,210.88,"Quadro RTX 6000"
scaling_T_75100,backward,75100,2,2,0.4439,0.0047,0.4371,0.4688,0.000000,1,83.91,0.0,210.88,"Quadro RTX 6000"
scaling_T_75100,viterbi,75100,2,2,0.4436,0.0043,0.4370,0.4626,0.693147,1,84.65,0.0,210.88,"Quadro RTX 6000"
scaling_T_75100,baum_welch_10,75100,2,2,6.1544,0.5719,5.4847,8.3374,0.693147,10,126.91,0.0,210.88,"Quadro RTX 6000"
scaling_T_76100,forward,76100,2,2,0.4483,0.0077,0.4378,0.4720,0.693147,1,84.20,0.0,210.88,"Quadro RTX 6000"
scaling_T_76100,backward,76100,2,2,0.4430,0.0051,0.4358,0.4628,0.000000,1,85.20,0.0,210.88,"Quadro RTX 6000"
scaling_T_76100,viterbi,76100,2,2,0.4431,0.0045,0.4363,0.4648,0.693147,1,85.88,0.0,210.88,"Quadro RTX 6000"
scaling_T_76100,baum_welch_10,76100,2,2,5.9721,0.5530,5.2777,8.2006,0.693147,10,132.52,0.0,210.88,"Quadro RTX 6000"
scaling_T_77100,forward,77100,2,2,0.4767,0.0088,0.4506,0.5050,0.693147,1,80.23,0.0,210.88,"Quadro RTX 6000"
scaling_T_77100,backward,77100,2,2,0.4723,0.0083,0.4504,0.4970,0.000000,1,80.98,0.0,210.88,"Quadro RTX 6000"
scaling_T_77100,viterbi,77100,2,2,0.4729,0.0069,0.4490,0.4890,0.693147,1,81.51,0.0,210.88,"Quadro RTX 6000"
scaling_T_77100,baum_welch_10,77100,2,2,5.7928,0.4979,5.2348,8.3074,0.693147,10,138.42,0.0,210.88,"Quadro RTX 6000"
scaling_T_78100,forward,78100,2,2,0.4445,0.0073,0.4349,0.4673,0.693147,1,87.15,0.0,210.88,"Quadro RTX 6000"
scaling_T_78100,backward,78100,2,2,0.4455,0.0049,0.4389,0.4731,0.000000,1,86.96,0.0,210.88,"Quadro RTX 6000"
scaling_T_78100,viterbi,78100,2,2,0.4459,0.0037,0.4403,0.4535,0.693147,1,87.57,0.0,210.88,"Quadro RTX 6000"
scaling_T_78100,baum_welch_10,78100,2,2,5.7034,0.6223,4.9009,8.7130,0.693147,10,142.41,0.0,210.88,"Quadro RTX 6000"
scaling_T_79100,forward,79100,2,2,0.4503,0.0087,0.4394,0.4896,0.693147,1,87.13,0.0,210.88,"Quadro RTX 6000"
scaling_T_79100,backward,79100,2,2,0.4502,0.0058,0.4400,0.4755,0.000000,1,87.14,0.0,210.88,"Quadro RTX 6000"
scaling_T_79100,viterbi,79100,2,2,0.4449,0.0048,0.4383,0.4685,0.693147,1,88.89,0.0,210.88,"Quadro RTX 6000"
scaling_T_79100,baum_welch_10,79100,2,2,6.0237,0.5698,5.0534,8.0449,0.693147,10,136.57,0.0,210.88,"Quadro RTX 6000"
scaling_T_80100,forward,80100,2,2,0.4476,0.0076,0.4383,0.4735,0.693147,1,88.77,0.0,210.88,"Quadro RTX 6000"
scaling_T_80100,backward,80100,2,2,0.4428,0.0052,0.4362,0.4673,0.000000,1,89.72,0.0,210.88,"Quadro RTX 6000"
scaling_T_80100,viterbi,80100,2,2,0.4442,0.0046,0.4371,0.4628,0.693147,1,90.15,0.0,210.88,"Quadro RTX 6000"
scaling_T_80100,baum_welch_10,80100,2,2,5.8472,0.5082,5.1246,7.6120,0.693147,10,142.47,0.0,210.88,"Quadro RTX 6000"
scaling_T_8100,forward,8100,2,2,3.0996,0.3464,2.6808,4.5720,-23246.810547,1,1.30,0.0,208.88,"Quadro RTX 6000"
scaling_T_8100,backward,8100,2,2,3.0710,0.3373,2.6236,4.7423,0.000000,1,1.31,0.0,208.88,"Quadro RTX 6000"
scaling_T_8100,viterbi,8100,2,2,2.9598,0.1030,2.7339,3.3464,-27754.681641,1,1.37,0.0,208.88,"Quadro RTX 6000"
scaling_T_8100,baum_welch_10,8100,2,2,78.7643,2.2776,74.4015,91.9292,-22970.046875,10,1.07,0.0,208.88,"Quadro RTX 6000"
scaling_T_81100,forward,81100,2,2,0.4750,0.0671,0.4376,0.6575,0.693147,1,84.68,0.0,210.88,"Quadro RTX 6000"
scaling_T_81100,backward,81100,2,2,0.4429,0.0047,0.4366,0.4589,0.000000,1,90.82,0.0,210.88,"Quadro RTX 6000"
scaling_T_81100,viterbi,81100,2,2,0.4439,0.0043,0.4379,0.4609,0.693147,1,91.35,0.0,210.88,"Quadro RTX 6000"
scaling_T_81100,baum_welch_10,81100,2,2,5.9339,0.4620,5.3004,8.2209,0.693147,10,142.14,0.0,210.88,"Quadro RTX 6000"
scaling_T_82100,forward,82100,2,2,0.4487,0.0070,0.4378,0.4690,0.693147,1,90.76,0.0,210.88,"Quadro RTX 6000"
scaling_T_82100,backward,82100,2,2,0.4450,0.0050,0.4384,0.4665,0.000000,1,91.51,0.0,210.88,"Quadro RTX 6000"
scaling_T_82100,viterbi,82100,2,2,0.4492,0.0076,0.4371,0.4709,0.693147,1,91.38,0.0,210.88,"Quadro RTX 6000"
scaling_T_82100,baum_welch_10,82100,2,2,5.9692,0.4855,5.2244,8.0750,0.693147,10,143.04,0.0,210.88,"Quadro RTX 6000"
scaling_T_83100,forward,83100,2,2,0.4485,0.0081,0.4372,0.4690,0.693147,1,91.91,0.0,210.88,"Quadro RTX 6000"
scaling_T_83100,backward,83100,2,2,0.4484,0.0084,0.4371,0.4754,0.000000,1,91.91,0.0,210.88,"Quadro RTX 6000"
scaling_T_83100,viterbi,83100,2,2,0.4435,0.0050,0.4369,0.4666,0.693147,1,93.69,0.0,210.88,"Quadro RTX 6000"
scaling_T_83100,baum_welch_10,83100,2,2,5.9778,0.5744,5.1079,8.0425,0.693147,10,144.57,0.0,210.88,"Quadro RTX 6000"
scaling_T_84100,forward,84100,2,2,0.4548,0.0210,0.4392,0.5326,0.693147,1,91.71,0.0,210.88,"Quadro RTX 6000"
scaling_T_84100,backward,84100,2,2,0.4454,0.0056,0.4383,0.4687,0.000000,1,93.66,0.0,210.88,"Quadro RTX 6000"
scaling_T_84100,viterbi,84100,2,2,0.4439,0.0044,0.4365,0.4648,0.693147,1,94.74,0.0,210.88,"Quadro RTX 6000"
scaling_T_84100,baum_welch_10,84100,2,2,5.9751,0.5932,5.1900,8.5050,0.693147,10,146.38,0.0,210.88,"Quadro RTX 6000"
scaling_T_85100,forward,85100,2,2,0.4483,0.0084,0.4365,0.4721,0.693147,1,94.16,0.0,210.88,"Quadro RTX 6000"
scaling_T_85100,backward,85100,2,2,0.4446,0.0051,0.4372,0.4612,0.000000,1,94.94,0.0,210.88,"Quadro RTX 6000"
scaling_T_85100,viterbi,85100,2,2,0.4446,0.0049,0.4383,0.4642,0.693147,1,95.71,0.0,210.88,"Quadro RTX 6000"
scaling_T_85100,baum_welch_10,85100,2,2,5.9258,0.4328,5.2852,7.9238,0.693147,10,149.35,0.0,210.88,"Quadro RTX 6000"
scaling_T_86100,forward,86100,2,2,0.4689,0.0779,0.4381,0.7637,0.693147,1,91.08,0.0,210.88,"Quadro RTX 6000"
scaling_T_86100,backward,86100,2,2,0.4431,0.0046,0.4372,0.4652,0.000000,1,96.39,0.0,210.88,"Quadro RTX 6000"
scaling_T_86100,viterbi,86100,2,2,0.4451,0.0060,0.4378,0.4714,0.693147,1,96.71,0.0,210.88,"Quadro RTX 6000"
scaling_T_86100,baum_welch_10,86100,2,2,5.8247,0.3910,5.2987,8.0344,0.693147,10,153.73,0.0,210.88,"Quadro RTX 6000"
scaling_T_87100,forward,87100,2,2,0.4472,0.0075,0.4361,0.4703,0.693147,1,96.61,0.0,210.88,"Quadro RTX 6000"
scaling_T_87100,backward,87100,2,2,0.4455,0.0074,0.4352,0.4688,0.000000,1,96.96,0.0,210.88,"Quadro RTX 6000"
scaling_T_87100,viterbi,87100,2,2,0.4412,0.0033,0.4357,0.4505,0.693147,1,98.72,0.0,210.88,"Quadro RTX 6000"
scaling_T_87100,baum_welch_10,87100,2,2,5.8761,0.4321,5.0015,7.6553,0.693147,10,154.16,0.0,210.88,"Quadro RTX 6000"
scaling_T_88100,forward,88100,2,2,0.4474,0.0078,0.4379,0.4722,0.693147,1,97.67,0.0,212.88,"Quadro RTX 6000"
scaling_T_88100,backward,88100,2,2,0.4421,0.0038,0.4363,0.4587,0.000000,1,98.84,0.0,212.88,"Quadro RTX 6000"
scaling_T_88100,viterbi,88100,2,2,0.4418,0.0035,0.4363,0.4496,0.693147,1,99.70,0.0,212.88,"Quadro RTX 6000"
scaling_T_88100,baum_welch_10,88100,2,2,6.4558,0.3666,6.0252,8.0717,0.693147,10,141.92,0.0,212.88,"Quadro RTX 6000"
scaling_T_89100,forward,89100,2,2,0.4453,0.0082,0.4346,0.4706,0.693147,1,99.23,0.0,212.88,"Quadro RTX 6000"
scaling_T_89100,backward,89100,2,2,0.4430,0.0041,0.4367,0.4588,0.000000,1,99.76,0.0,212.88,"Quadro RTX 6000"
scaling_T_89100,viterbi,89100,2,2,0.4426,0.0033,0.4370,0.4545,0.693147,1,100.65,0.0,212.88,"Quadro RTX 6000"
scaling_T_89100,baum_welch_10,89100,2,2,6.3497,0.2402,5.9758,7.5917,0.693147,10,145.94,0.0,212.88,"Quadro RTX 6000"
scaling_T_90100,forward,90100,2,2,0.4471,0.0073,0.4364,0.4699,0.693147,1,99.95,0.0,212.88,"Quadro RTX 6000"
scaling_T_90100,backward,90100,2,2,0.4415,0.0055,0.4342,0.4707,0.000000,1,101.23,0.0,212.88,"Quadro RTX 6000"
scaling_T_90100,viterbi,90100,2,2,0.4402,0.0036,0.4347,0.4484,0.693147,1,102.33,0.0,212.88,"Quadro RTX 6000"
scaling_T_90100,baum_welch_10,90100,2,2,6.3882,0.2352,6.0228,7.5282,0.693147,10,146.68,0.0,212.88,"Quadro RTX 6000"
scaling_T_9100,forward,9100,2,2,3.3459,0.1947,3.0413,4.5935,-26163.814453,1,1.35,0.0,208.88,"Quadro RTX 6000"
scaling_T_9100,backward,9100,2,2,3.3511,0.1146,3.1189,3.8909,0.000000,1,1.35,0.0,208.88,"Quadro RTX 6000"
scaling_T_9100,viterbi,9100,2,2,3.3320,0.1255,3.1211,4.0693,-30822.781250,1,1.37,0.0,208.88,"Quadro RTX 6000"
scaling_T_9100,baum_welch_10,9100,2,2,80.0783,4.0756,73.3045,89.9810,-25810.728516,10,1.18,0.0,208.88,"Quadro RTX 6000"
scaling_T_91100,forward,91100,2,2,0.4987,0.0399,0.4772,0.6899,0.693147,1,90.61,0.0,212.88,"Quadro RTX 6000"
scaling_T_91100,backward,91100,2,2,0.4877,0.0045,0.4793,0.5018,0.000000,1,92.66,0.0,212.88,"Quadro RTX 6000"
scaling_T_91100,viterbi,91100,2,2,0.4870,0.0027,0.4813,0.4936,0.693147,1,93.53,0.0,212.88,"Quadro RTX 6000"
scaling_T_91100,baum_welch_10,91100,2,2,6.5831,0.7368,5.6172,11.6388,0.693147,10,143.92,0.0,212.88,"Quadro RTX 6000"
scaling_T_92100,forward,92100,2,2,0.4437,0.0078,0.4342,0.4690,0.693147,1,102.96,0.0,212.88,"Quadro RTX 6000"
scaling_T_92100,backward,92100,2,2,0.4388,0.0035,0.4331,0.4509,0.000000,1,104.11,0.0,212.88,"Quadro RTX 6000"
scaling_T_92100,viterbi,92100,2,2,0.4388,0.0034,0.4341,0.4503,0.693147,1,104.94,0.0,212.88,"Quadro RTX 6000"
scaling_T_92100,baum_welch_10,92100,2,2,6.4232,0.2982,5.9167,8.5220,0.693147,10,149.12,0.0,212.88,"Quadro RTX 6000"
scaling_T_93100,forward,93100,2,2,0.4731,0.0890,0.4364,0.7972,0.693147,1,97.61,0.0,212.88,"Quadro RTX 6000"
scaling_T_93100,backward,93100,2,2,0.4411,0.0047,0.4342,0.4649,0.000000,1,104.68,0.0,212.88,"Quadro RTX 6000"
scaling_T_93100,viterbi,93100,2,2,0.4398,0.0035,0.4340,0.4514,0.693147,1,105.84,0.0,212.88,"Quadro RTX 6000"
scaling_T_93100,baum_welch_10,93100,2,2,6.5373,0.4913,5.9249,8.7367,0.693147,10,148.11,0.0,212.88,"Quadro RTX 6000"
scaling_T_94100,forward,94100,2,2,0.4498,0.0232,0.4364,0.5390,0.693147,1,103.77,0.0,212.88,"Quadro RTX 6000"
scaling_T_94100,backward,94100,2,2,0.4431,0.0036,0.4368,0.4534,0.000000,1,105.34,0.0,212.88,"Quadro RTX 6000"
scaling_T_94100,viterbi,94100,2,2,0.4416,0.0040,0.4362,0.4567,0.693147,1,106.55,0.0,212.88,"Quadro RTX 6000"
scaling_T_94100,baum_welch_10,94100,2,2,6.4556,0.3374,6.1007,8.6977,0.693147,10,151.60,0.0,212.88,"Quadro RTX 6000"
scaling_T_95100,forward,95100,2,2,0.4446,0.0075,0.4359,0.4693,0.693147,1,106.09,0.0,212.88,"Quadro RTX 6000"
scaling_T_95100,backward,95100,2,2,0.4418,0.0046,0.4347,0.4595,0.000000,1,106.76,0.0,212.88,"Quadro RTX 6000"
scaling_T_95100,viterbi,95100,2,2,0.4419,0.0034,0.4362,0.4506,0.693147,1,107.61,0.0,212.88,"Quadro RTX 6000"
scaling_T_95100,baum_welch_10,95100,2,2,6.4556,0.4198,5.9454,8.5176,0.693147,10,153.21,0.0,212.88,"Quadro RTX 6000"
scaling_T_96100,forward,96100,2,2,0.4445,0.0078,0.4354,0.4709,0.693147,1,107.24,0.0,212.88,"Quadro RTX 6000"
scaling_T_96100,backward,96100,2,2,0.4416,0.0044,0.4347,0.4614,0.000000,1,107.94,0.0,212.88,"Quadro RTX 6000"
scaling_T_96100,viterbi,96100,2,2,0.4414,0.0040,0.4349,0.4561,0.693147,1,108.86,0.0,212.88,"Quadro RTX 6000"
scaling_T_96100,baum_welch_10,96100,2,2,6.4188,0.2612,6.1133,8.3437,0.693147,10,155.70,0.0,212.88,"Quadro RTX 6000"
scaling_T_97100,forward,97100,2,2,0.4451,0.0074,0.4346,0.4650,0.693147,1,108.21,0.0,212.88,"Quadro RTX 6000"
scaling_T_97100,backward,97100,2,2,0.4404,0.0044,0.4342,0.4527,0.000000,1,109.35,0.0,212.88,"Quadro RTX 6000"
scaling_T_97100,viterbi,97100,2,2,0.4410,0.0050,0.4347,0.4630,0.693147,1,110.10,0.0,212.88,"Quadro RTX 6000"
scaling_T_97100,baum_welch_10,97100,2,2,6.4172,0.2647,5.9081,7.7742,0.693147,10,157.36,0.0,212.88,"Quadro RTX 6000"
scaling_T_98100,forward,98100,2,2,0.4457,0.0065,0.4357,0.4669,0.693147,1,109.17,0.0,212.88,"Quadro RTX 6000"
scaling_T_98100,backward,98100,2,2,0.4398,0.0040,0.4342,0.4495,0.000000,1,110.63,0.0,212.88,"Quadro RTX 6000"
scaling_T_98100,viterbi,98100,2,2,0.4412,0.0053,0.4343,0.4668,0.693147,1,111.18,0.0,212.88,"Quadro RTX 6000"
scaling_T_98100,baum_welch_10,98100,2,2,6.4537,0.3544,5.9692,8.0159,0.693147,10,158.09,0.0,212.88,"Quadro RTX 6000"
scaling_T_99100,forward,99100,2,2,0.4457,0.0070,0.4350,0.4690,0.693147,1,110.28,0.0,212.88,"Quadro RTX 6000"
scaling_T_99100,backward,99100,2,2,0.4428,0.0045,0.4351,0.4652,0.000000,1,111.01,0.0,212.88,"Quadro RTX 6000"
scaling_T_99100,viterbi,99100,2,2,0.4409,0.0050,0.4353,0.4731,0.693147,1,112.39,0.0,212.88,"Quadro RTX 6000"
scaling_T_99100,baum_welch_10,99100,2,2,6.4365,0.3564,5.9904,8.5594,0.693147,10,160.12,0.0,212.88,"Quadro RTX 6000"
